{"name":"jkglg","user":"Dub","tasks":[{"id":58,"user_id":1,"board_id":54,"name":"\u0414\u043e\u0441\u043a\u0430","created_at":"2020-07-22T05:42:59.000000Z","updated_at":"2020-07-22T05:43:12.000000Z","scheduled_date":"2020-07-23","status":"a","description":"yikgk","real_date":"2020-07-23"},{"id":59,"user_id":1,"board_id":54,"name":"\u0414\u043e\u0441\u043a\u0430","created_at":"2020-07-22T05:43:09.000000Z","updated_at":"2020-07-22T05:43:09.000000Z","scheduled_date":"2020-07-23","status":"a","description":"yikgk","real_date":"2020-07-23"}]}